{"cameraMode":{"drawMode":0,"name":"Shaded","section":"Shading Mode"},"sceneLighting":true,"audioPlay":false,"sceneViewState":{"m_AlwaysRefresh":false,"showFog":true,"showSkybox":true,"showFlares":true,"showImageEffects":true,"showParticleSystems":true,"showVisualEffectGraphs":true,"m_FxEnabled":true},"in2DMode":false,"pivot":{"x":-18.70334243774414,"y":-23.741703033447267,"z":28.794086456298829},"rotation":{"x":-0.23772120475769044,"y":0.27818095684051516,"z":-0.07128980755805969,"w":-0.9278732538223267},"size":23.796306610107423,"orthographic":false}