{"cameraMode":{"drawMode":0,"name":"Shaded","section":"Shading Mode"},"sceneLighting":true,"audioPlay":false,"sceneViewState":{"m_AlwaysRefresh":false,"showFog":true,"showSkybox":true,"showFlares":true,"showImageEffects":true,"showParticleSystems":true,"showVisualEffectGraphs":true,"m_FxEnabled":true},"in2DMode":false,"pivot":{"x":48.025821685791019,"y":-13.197759628295899,"z":15.358892440795899},"rotation":{"x":0.13427335023880006,"y":0.6030266284942627,"z":-0.1030108630657196,"w":0.7791366577148438},"size":34.94098663330078,"orthographic":false}