{"cameraMode":{"drawMode":0,"name":"Shaded","section":"Shading Mode"},"sceneLighting":true,"audioPlay":false,"sceneViewState":{"m_AlwaysRefresh":false,"showFog":true,"showSkybox":true,"showFlares":true,"showImageEffects":true,"showParticleSystems":true,"showVisualEffectGraphs":true,"m_FxEnabled":true},"in2DMode":false,"pivot":{"x":-3.475482940673828,"y":-5.2647504806518559,"z":-1.3044744729995728},"rotation":{"x":0.06751038134098053,"y":-0.8368895053863525,"z":0.10631854087114334,"w":0.5321922302246094},"size":10.009539604187012,"orthographic":false}