{"cameraMode":{"drawMode":0,"name":"Shaded","section":"Shading Mode"},"sceneLighting":true,"audioPlay":false,"sceneViewState":{"m_AlwaysRefresh":false,"showFog":true,"showSkybox":true,"showFlares":true,"showImageEffects":true,"showParticleSystems":true,"showVisualEffectGraphs":true,"m_FxEnabled":true},"in2DMode":false,"pivot":{"x":24.414745330810548,"y":-1.4854309558868409,"z":6.852330207824707},"rotation":{"x":0.14024171233177186,"y":0.5443221926689148,"z":-0.09205847978591919,"w":0.8215270638465881},"size":34.94098663330078,"orthographic":false}